word,level
Abandon,elementary
Ability,elementary
Abiotic,elementary
Absorb,elementary
Abundant,elementary
Academy,elementary
Achievement,elementary
Acorn,elementary
Acquaintance,elementary
Acquire,elementary
Acrobat,elementary
Action,elementary
Acute,elementary
Adapt,elementary
Adaptation,elementary
Addition,elementary
Adjective,elementary
Adore,elementary
Advantage,elementary
Adventure,elementary
Adverb,elementary
Advice,elementary
Age,elementary
Aim,elementary
Air,elementary
Airport,elementary
Algorithm,elementary
Alliance,elementary
Alliteration,elementary
Amazing,elementary
Ambition,elementary
Amphibian,elementary
Analyze,elementary
Ancient,elementary
Angle,elementary
Angry,elementary
Animal,elementary
Antennae,elementary
Antonym,elementary
Apostrophe,elementary
App,elementary
apple,elementary
Apple,elementary
Apply,elementary
April,elementary
Apron,elementary
Aquarium,elementary
Arc,elementary
Archery,elementary
Arrange,elementary
Array,elementary
Article,elementary
Artificial Intelligence,elementary
Asteroid,elementary
Astronaut,elementary
Astronomy,elementary
Ate,elementary
Atmosphere,elementary
Atom,elementary
Attempt,elementary
Attic,elementary
Attitude,elementary
August,elementary
Aurora,elementary
Automation,elementary
Avoid,elementary
Baboon,elementary
Backpack,elementary
Backyard,elementary
Bacteria,elementary
Bacterium,elementary
Badminton,elementary
Bakery,elementary
Ball,elementary
Balloon,elementary
Banana,elementary
Bar Graph,elementary
Bar Model,elementary
Barber,elementary
Baseball,elementary
Basketball,elementary
Batteries,elementary
Battery,elementary
beautiful,elementary
Bed,elementary
Began,elementary
Belief,elementary
Belonging,elementary
Benefit,elementary
Benevolent,elementary
Beyond,elementary
Bicycle,elementary
Binoculars,elementary
Biodiversity,elementary
Biome,elementary
Biosphere,elementary
Bird,elementary
Bitter,elementary
Black,elementary
Blanket,elementary
Blast,elementary
Blind,elementary
Block,elementary
Blue,elementary
Bluebetty,elementary
Blueprint,elementary
Body wash,elementary
Book,elementary
Bookshelf,elementary
Bored,elementary
Botany,elementary
Bought,elementary
Boundary,elementary
Bowl,elementary
Boxing,elementary
Branch,elementary
Brave,elementary
Bread,elementary
Breakfast,elementary
Bright,elementary
Brilliant,elementary
Broccoli,elementary
Brought,elementary
Brown,elementary
Bummer,elementary
burst,elementary
Bus,elementary
Bus station,elementary
Bust,elementary
Butterfly,elementary
Cabbage,elementary
Cabin,elementary
Cabinet,elementary
Cable,elementary
Cactus,elementary
Cake,elementary
Calculator,elementary
Calm,elementary
Camel,elementary
Camouflage,elementary
Canoe,elementary
Capacity,elementary
Capital Letter,elementary
Car,elementary
Carnivore,elementary
Carnivorous,elementary
Carpet,elementary
Carrot,elementary
Cast,elementary
Castle,elementary
Cat,elementary
Catch,elementary
Caught,elementary
Cauliflower,elementary
Cause,elementary
Cautious,elementary
Celebration,elementary
Cell,elementary
Celsius,elementary
Cereal,elementary
Ceremony,elementary
Chair,elementary
challenge,elementary
Challenge,elementary
Change,elementary
Chaos,elementary
Character,elementary
Charger,elementary
Charity,elementary
Chart,elementary
Cheerful,elementary
Chemical,elementary
Chill,elementary
Chlorophyll,elementary
Chloroplast,elementary
Chocolate,elementary
Chord,elementary
Chore,elementary
Cinema,elementary
Circle,elementary
Circuit,elementary
Circumference,elementary
Circumstance,elementary
Circus,elementary
Citizenship,elementary
Civilization,elementary
clack,elementary
clam,elementary
Classification,elementary
Classify,elementary
Clause,elementary
clear,elementary
Climate,elementary
Climb,elementary
cling,elementary
Clock,elementary
Closet,elementary
Cloud,elementary
Clouds,elementary
Clown,elementary
Coat,elementary
Cock,elementary
cockatoo,elementary
Cocoon,elementary
Coding,elementary
Cog,elementary
Cold,elementary
Collaboration,elementary
Colony,elementary
Colorful,elementary
Comb,elementary
Comet,elementary
Common,elementary
Communicate,elementary
Communication,elementary
Community,elementary
Commutative,elementary
Companionship,elementary
Compare,elementary
Compass,elementary
Compassion,elementary
Compost,elementary
Compound,elementary
Compound Word,elementary
Comprehend,elementary
Compress,elementary
computer,elementary
Concentrate,elementary
Concert,elementary
Conclusion,elementary
Condensation,elementary
Conditioner,elementary
Conduct,elementary
Conductor,elementary
Cone,elementary
Confess,elementary
Confidence,elementary
Confident,elementary
Conflict,elementary
Confuse,elementary
Confused,elementary
Conjunction,elementary
Conservation,elementary
Conserve,elementary
Console,elementary
Consonant,elementary
Constitution,elementary
Construction,elementary
Contamination,elementary
Context,elementary
Continent,elementary
Contraction,elementary
Contrast,elementary
Cook,elementary
Cooperation,elementary
Core,elementary
Corn,elementary
Courage,elementary
Courageous,elementary
Crank,elementary
Creativity,elementary
Crept,elementary
Crow,elementary
Crust,elementary
Cry,elementary
Cryptic,elementary
Cube,elementary
Cucumber,elementary
Cultural Diversity,elementary
Culture,elementary
Cup,elementary
Curious,elementary
Curtain,elementary
Custom,elementary
Cycle,elementary
Cycling,elementary
Cylinder,elementary
Dam,elementary
Dame,elementary
Damp,elementary
Dance,elementary
Darn,elementary
Data,elementary
Database,elementary
Deaf,elementary
December,elementary
Deciduous,elementary
Decimal,elementary
Decision,elementary
Decision-making,elementary
Decomposer,elementary
Defend,elementary
Delicate,elementary
Delicious,elementary
Delight,elementary
Democracy,elementary
Demonstrate,elementary
Dense,elementary
Density,elementary
Dentist,elementary
Deposition,elementary
Describe,elementary
Desert,elementary
Design,elementary
Desk,elementary
Detective,elementary
Determine,elementary
Determined,elementary
Device,elementary
Diagram,elementary
Dialogue,elementary
Diameter,elementary
Diamond,elementary
Difference,elementary
Digital,elementary
Diligent,elementary
Dinner,elementary
Dinosaur,elementary
Disability,elementary
Discipline,elementary
Discover,elementary
Disguise,elementary
Diversity,elementary
Division,elementary
Dog,elementary
Dolphin,elementary
Donut,elementary
doom,elementary
Dozen,elementary
Dragon,elementary
Dragonfly,elementary
Dragonfruit,elementary
Drank,elementary
Draw,elementary
Drawer,elementary
Dress,elementary
Drove,elementary
Drum,elementary
Duvet,elementary
Eager,elementary
Earth,elementary
East,elementary
Eat,elementary
Eclipse,elementary
Ecology,elementary
Economy,elementary
Ecosystem,elementary
Edge,elementary
education,elementary
Effect,elementary
Efficient,elementary
Eggplant,elementary
Eight,elementary
Election,elementary
Electricity,elementary
Element,elementary
Elephant,elementary
Eleven,elementary
Eloquent,elementary
Embarrassed,elementary
Empathy,elementary
Encourage,elementary
Encryption,elementary
Energy,elementary
Engagement,elementary
Enormous,elementary
Enthusiastic,elementary
Entomology,elementary
Envelope,elementary
Environment,elementary
Environmental,elementary
Enzyme,elementary
Equality,elementary
Equation,elementary
Equilateral,elementary
Equilibrium,elementary
Eraser,elementary
Erosion,elementary
Escalator,elementary
Establish,elementary
Estimate,elementary
Etiquette,elementary
Evaluate,elementary
Evaporation,elementary
Even Number,elementary
Event,elementary
Evidence,elementary
evil,elementary
Evolution,elementary
Examine,elementary
Excited,elementary
Exoskeleton,elementary
Expand,elementary
Expanded Form,elementary
Experiment,elementary
Explain,elementary
Exploration,elementary
Explore,elementary
Extinct,elementary
Face,elementary
Fairness,elementary
Fan,elementary
Fancy,elementary
farm,elementary
Farmer,elementary
Fascinate,elementary
Fascinating,elementary
Feather,elementary
February,elementary
Felt,elementary
Fencing,elementary
Fern,elementary
Festival,elementary
Fierce,elementary
fill,elementary
Firefighter,elementary
Fireworks,elementary
First,elementary
Fish,elementary
flap,elementary
Flashlight,elementary
Flat,elementary
Fleck,elementary
Flew,elementary
Flexible,elementary
Floor,elementary
Flower,elementary
Folk,elementary
Food Chain,elementary
Force,elementary
Forest,elementary
Fork,elementary
Fort,elementary
Fossil,elementary
Fought,elementary
Fountain,elementary
Fraction,elementary
Fracture,elementary
Fragile,elementary
Friction,elementary
Friday,elementary
Friend,elementary
Friendly,elementary
Friendship,elementary
Fries,elementary
Frighten,elementary
Frown,elementary
Fruit,elementary
Frustrated,elementary
Fury,elementary
Future,elementary
Fuzzy,elementary
Galaxy,elementary
gang,elementary
Gardener,elementary
Garlic,elementary
Gas,elementary
gasp,elementary
Gathering,elementary
Gave,elementary
Gender,elementary
Generous,elementary
Genetic,elementary
Genetics,elementary
Genre,elementary
Gentle,elementary
Geography,elementary
Geology,elementary
Geyser,elementary
Gill,elementary
Ginger,elementary
Gingerbread,elementary
Giraffe,elementary
Glacier,elementary
glad,elementary
Gleam,elementary
Glimpse,elementary
Globe,elementary
Glue,elementary
Golf,elementary
Gorilla,elementary
Government,elementary
Gracious,elementary
Grade,elementary
Grass,elementary
Grateful,elementary
Gratitude,elementary
Gravity,elementary
Great,elementary
Greater Than,elementary
Grocery,elementary
Grumpy,elementary
Guide,elementary
Guitar,elementary
Gymnastics,elementary
Habit,elementary
Habitat,elementary
Hairbrush,elementary
Ham,elementary
Hammer,elementary
Hammock,elementary
Hamster,elementary
happen,elementary
Happy,elementary
Hardware,elementary
Hare,elementary
Harm,elementary
Harmony,elementary
Heap,elementary
Heart,elementary
Hedge,elementary
Hedgehog,elementary
Helicopter,elementary
Herbivore,elementary
Heritage,elementary
Hesitate,elementary
Hexagon,elementary
Hid,elementary
Historical,elementary
History,elementary
Hive,elementary
Hockey,elementary
Holiday,elementary
Homophone,elementary
Honest,elementary
Honesty,elementary
Honeymelon,elementary
Hopeful,elementary
Hospital,elementary
Hospitality,elementary
Hot,elementary
hum,elementary
Humble,elementary
Humidity,elementary
Hundreds,elementary
Hydrogen,elementary
Hydrosphere,elementary
Hyperbole,elementary
Hypothesis,elementary
Iceberg,elementary
Ice-cream,elementary
Idiom,elementary
Igloo,elementary
Igneous,elementary
Illustrate,elementary
Imagery,elementary
Imaginative,elementary
Impact,elementary
Improve,elementary
Inclusion,elementary
Independence,elementary
Inertia,elementary
Infer,elementary
Innovation,elementary
Innovative,elementary
Insect,elementary
Inspire,elementary
Insulator,elementary
Integer,elementary
Intense,elementary
Interaction,elementary
Interconnection,elementary
Internet,elementary
Interpret,elementary
Interrupt,elementary
Invention,elementary
Inverse,elementary
Invertebrate,elementary
Investigate,elementary
Investigation,elementary
Irony,elementary
Island,elementary
Isosceles,elementary
Issue,elementary
Itch,elementary
Jacket,elementary
January,elementary
Jealous,elementary
Jellybean,elementary
Jellyfish,elementary
Jigsaw,elementary
Joist,elementary
Jolt,elementary
Journey,elementary
Joyful,elementary
Juggler,elementary
July,elementary
Jump,elementary
June,elementary
Jungle,elementary
Justice,elementary
Kangaroo,elementary
Ketchup,elementary
Kettle,elementary
Key,elementary
Keyboard,elementary
Kind,elementary
Kind-Hearted,elementary
Kindness,elementary
Kinetic,elementary
Kitchen,elementary
Kite,elementary
Kiwi,elementary
Knew,elementary
Knife,elementary
knowledge,elementary
Knowledge,elementary
Koala,elementary
Lamb,elementary
Lamp,elementary
Lantern,elementary
Laptop,elementary
Larva,elementary
Latitude,elementary
Laundry,elementary
Lawn,elementary
Leadership,elementary
Leaf,elementary
Leap,elementary
Legit,elementary
Lemonade,elementary
Lend,elementary
Length,elementary
Less Than,elementary
Lettuce,elementary
Liberty,elementary
Library,elementary
Life Cycle,elementary
Lifeguard,elementary
Lighthouse,elementary
Liquid,elementary
Lithosphere,elementary
Lizard,elementary
Location,elementary
Lollipop,elementary
Lonely,elementary
Lotion,elementary
Loyal,elementary
Luminous,elementary
Lunch,elementary
Made,elementary
magic,elementary
Magician,elementary
Magma,elementary
Magnet,elementary
Magnetism,elementary
Magnificent,elementary
Magpig,elementary
Mailbox,elementary
Main Idea,elementary
Mammal,elementary
Manage,elementary
Mandarin,elementary
Mandible,elementary
Manner,elementary
Mantle,elementary
Many,elementary
Map,elementary
Marble,elementary
March,elementary
Martial Arts,elementary
Mass,elementary
Mat,elementary
Material,elementary
Matter,elementary
Mattress,elementary
Mature,elementary
May,elementary
Measure,elementary
Measurement,elementary
Melon,elementary
member,elementary
Metamorphosis,elementary
Metaphor,elementary
Meteor,elementary
Meteorology,elementary
Meticulous,elementary
Mice,elementary
Microphone,elementary
Microscope,elementary
Microwave,elementary
Migration,elementary
Milk,elementary
Mimicry,elementary
Mineral,elementary
Mirror,elementary
Mittens,elementary
Molecule,elementary
Monday,elementary
Money,elementary
Monitor,elementary
Monkey,elementary
Monster,elementary
Mood,elementary
Moon,elementary
Mop,elementary
Motivation,elementary
Mountain,elementary
Mouse,elementary
Much,elementary
Mug,elementary
Multiple,elementary
Multiplication,elementary
Museum,elementary
Mysterious,elementary
Mystery,elementary
Nail,elementary
Napkin,elementary
Narrate,elementary
Narrative,elementary
Narwhal,elementary
Nasty,elementary
Natto,elementary
Nature,elementary
Nebula,elementary
Necklace,elementary
Needs,elementary
Neighborhood,elementary
Neighbour,elementary
Nerd,elementary
Nervous,elementary
Network,elementary
Niche,elementary
Night,elementary
Nine,elementary
Nocturnal,elementary
Noisy,elementary
North,elementary
Notebook,elementary
Noun,elementary
November,elementary
Nucleus,elementary
Number Line,elementary
Nurturing,elementary
Nutrition,elementary
Nymph,elementary
Observation,elementary
Observe,elementary
Obtuse,elementary
Occasion,elementary
Ocean,elementary
Octagon,elementary
October,elementary
Octopus,elementary
Odd Number,elementary
Omnivore,elementary
Ones,elementary
Onion,elementary
Opinion,elementary
Optimistic,elementary
Oracle,elementary
Orange,elementary
Orbit,elementary
Ordinal Numbers,elementary
Organic,elementary
Organize,elementary
Osmosis,elementary
Ostrich,elementary
Otter,elementary
Outcome,elementary
Outlet,elementary
Oval,elementary
Owl,elementary
Oxygen,elementary
Pancake,elementary
Panda,elementary
panic,elementary
Parachute,elementary
Parade,elementary
Paragraph,elementary
Parallel,elementary
Parallelogram,elementary
Parasol,elementary
Parent,elementary
Park,elementary
Parliament,elementary
Parrot,elementary
Participation,elementary
Passport,elementary
Past,elementary
Patience,elementary
Patient,elementary
Pattern,elementary
Peanut,elementary
Pear,elementary
Peel,elementary
Peer,elementary
Pelican,elementary
Pen,elementary
Pencil,elementary
Penguin,elementary
Pentagon,elementary
Pepper,elementary
Percentage,elementary
Perimeter,elementary
Permit,elementary
Perpendicular,elementary
Perseverance,elementary
Perspective,elementary
Persuade,elementary
Persuasive,elementary
Pharmacy,elementary
Pheromone,elementary
Photo,elementary
Photosphere,elementary
Photosynthesis,elementary
Phrase,elementary
Picnic,elementary
Pillow,elementary
Place Value,elementary
Plan,elementary
Planet,elementary
plastic,elementary
Plate,elementary
Playground,elementary
pluck,elementary
Plug,elementary
Plural,elementary
Pollen,elementary
Pollination,elementary
Pollution,elementary
Polygon,elementary
Possessive,elementary
Post Office,elementary
Potato,elementary
Potential,elementary
pound,elementary
Powerful,elementary
Prairie,elementary
Pram,elementary
Prank,elementary
Precious,elementary
Precipitation,elementary
Predation,elementary
Predator,elementary
Predicate,elementary
Predict,elementary
Prefix,elementary
Prepare,elementary
Preposition,elementary
Present,elementary
Prey,elementary
Prism,elementary
Private,elementary
Probability,elementary
Proboscis,elementary
Process,elementary
Producer,elementary
Product,elementary
Program,elementary
Pronoun,elementary
Pronunciation,elementary
Properties,elementary
Protect,elementary
Proud,elementary
Public,elementary
Pulse,elementary
Pumpkin,elementary
Punctuation,elementary
Purchase,elementary
Purple,elementary
Puzzle,elementary
Pyramid,elementary
Quasar,elementary
Quickly,elementary
Quilt,elementary
Quotation,elementary
Quote,elementary
Quotient,elementary
Raccoon,elementary
Radiation,elementary
Radish,elementary
Radius,elementary
Rag,elementary
Rainbow,elementary
Raise,elementary
Rake,elementary
Ran,elementary
Rapid,elementary
Rather,elementary
Ratio,elementary
Razor,elementary
Read,elementary
Rear,elementary
Reason,elementary
Recall,elementary
Reckon,elementary
Recount,elementary
Rectangle,elementary
Recycle,elementary
Recycling,elementary
Red,elementary
Reduce,elementary
Refrigerator,elementary
Relaxed,elementary
Remainder,elementary
Remarkable,elementary
Remote,elementary
Renewable,elementary
Rent,elementary
Report,elementary
Represent,elementary
Require,elementary
Rescue,elementary
Resilient,elementary
Resource,elementary
Resourceful,elementary
Resources,elementary
Respect,elementary
Responsibility,elementary
Restaurant,elementary
Reunion,elementary
Review,elementary
Revolution,elementary
Rhinoceros,elementary
Right Angle,elementary
Rile,elementary
Risk,elementary
Rite,elementary
River,elementary
Robot,elementary
Rock,elementary
Rock Climbing,elementary
Root,elementary
Rough,elementary
Router,elementary
Rubber,elementary
Rugby,elementary
Ruler,elementary
Run,elementary
Running,elementary
Sad,elementary
Sandbox,elementary
Sandcastle,elementary
Sardine,elementary
Saturday,elementary
Sausage,elementary
Saw,elementary
Scalene,elementary
Scarecrow,elementary
Scared,elementary
Scent,elementary
Schedule,elementary
School,elementary
Scissors,elementary
Screwdriver,elementary
Seashell,elementary
Season,elementary
Second,elementary
Sedimentary,elementary
Seed,elementary
Seismic,elementary
Seismology,elementary
Semicircle,elementary
Sentence,elementary
September,elementary
Sequence,elementary
Serene,elementary
Service,elementary
Settlement,elementary
Seven,elementary
Shadow,elementary
Shampoo,elementary
Shapes,elementary
Sharing,elementary
Shelter,elementary
Shiny,elementary
Shiver,elementary
Shy,elementary
Silent,elementary
Silver,elementary
Simile,elementary
Simple,elementary
Since,elementary
Sing,elementary
Sink,elementary
Skateboarding,elementary
Skiing,elementary
Skip Counting,elementary
slam,elementary
Slept,elementary
Slide,elementary
Slight,elementary
Smell,elementary
Smile,elementary
Smoke,elementary
Smooth,elementary
Snowman,elementary
Soap,elementary
Soccer,elementary
Socialize,elementary
Society,elementary
Sock,elementary
Sofa,elementary
Software,elementary
Soil,elementary
Solar,elementary
Solid,elementary
Solution,elementary
Sound,elementary
South,elementary
Spaceship,elementary
Speaker,elementary
Species,elementary
Spectacular,elementary
Sphere,elementary
Spinach,elementary
Spit,elementary
Spoke,elementary
Spooky,elementary
Spoon,elementary
Squad,elementary
Square,elementary
Stadium,elementary
Stamp,elementary
Standard Units,elementary
Stapler,elementary
Star,elementary
State,elementary
Status,elementary
Steak,elementary
still,elementary
Stoop,elementary
Storm,elementary
Story,elementary
Stove,elementary
Strange,elementary
Strawbetty,elementary
Structure,elementary
Subject,elementary
Submarine,elementary
Subtraction,elementary
Succeed,elementary
Suffix,elementary
Suitcase,elementary
Sum,elementary
Summarize,elementary
Sun,elementary
Sunday,elementary
Sunflower,elementary
Sunglasses,elementary
Sunlight,elementary
Sunset,elementary
Superhero,elementary
Supermarket,elementary
Support,elementary
Supporting Details,elementary
Supportive,elementary
Suprise,elementary
Surfing,elementary
Surprised,elementary
Sustainability,elementary
Sustainable,elementary
Swam,elementary
Sward,elementary
Swear,elementary
Swell,elementary
Swim,elementary
Swimming,elementary
Swirl,elementary
Switch,elementary
Syllable,elementary
Symbiosis,elementary
Symbol,elementary
Symbolism,elementary
Symmetry,elementary
Synonym,elementary
System,elementary
Table,elementary
Table Tennis,elementary
Tablet,elementary
Tail,elementary
Tale,elementary
Tally Marks,elementary
Tape,elementary
Task,elementary
Tasty,elementary
Taught,elementary
Teamwork,elementary
Teapot,elementary
Technology,elementary
Tectonic,elementary
Tectonics,elementary
Telescope,elementary
Temperature,elementary
Tempest,elementary
Ten,elementary
Tennis,elementary
Tens,elementary
Tense,elementary
Tessellation,elementary
Thermodynamics,elementary
Thermostat,elementary
Thorax,elementary
Thought,elementary
Thoughtful,elementary
Thursday,elementary
Tired,elementary
Tissue,elementary
To Be Wise After The Event,elementary
Toaster,elementary
Today,elementary
Tolerance,elementary
Tomato,elementary
Tomorrow,elementary
Tone,elementary
Toolbox,elementary
Toothbrush,elementary
Toothpaste,elementary
Tornado,elementary
Towel,elementary
Trade,elementary
Tradition,elementary
Trampoline,elementary
Transformation,elementary
Transition,elementary
Transpiration,elementary
Trapezoid,elementary
Trash,elementary
Trash Can,elementary
Treasure,elementary
Tree,elementary
Triangle,elementary
Troop,elementary
Trophic,elementary
Trophy,elementary
Truck,elementary
Trust,elementary
Try,elementary
Tsunami,elementary
Tuesday,elementary
Tundra,elementary
Tunnel,elementary
Umbrella,elementary
Unicorn,elementary
Unique,elementary
Unity,elementary
Until,elementary
Vacuum,elementary
Variable,elementary
Velocity,elementary
Verb,elementary
Vertex,elementary
Vibrant,elementary
Vine,elementary
Violin,elementary
Virtual,elementary
Vision,elementary
Vivid,elementary
vocabulary,elementary
Volcanic,elementary
Volcano,elementary
Volleyball,elementary
Volume,elementary
Volunteer,elementary
Vowel,elementary
Waffle,elementary
Wallet,elementary
Wants,elementary
Washing,elementary
Washing Machine,elementary
Water,elementary
Water Cycle,elementary
Waterfall,elementary
Watermelon,elementary
Weather,elementary
Wednesday,elementary
Weekend,elementary
Weight,elementary
weird,elementary
Went,elementary
West,elementary
Whisper,elementary
Whistle,elementary
White,elementary
Wi-Fi,elementary
Wind,elementary
Windmill,elementary
Wing,elementary
Wings,elementary
Wink,elementary
Wisdom,elementary
Wise,elementary
Woke,elementary
World,elementary
Worried,elementary
Wreck,elementary
Wrestling,elementary
Wrist,elementary
Write,elementary
Wrote,elementary
Yesterday,elementary
Yogurt,elementary
Zebra,elementary
Zoo,elementary
Zoom,elementary
Zucchini,elementary
